{
   "initial_probs" : {
      "<SUS>" : -5.00000041495186e-10,
      "<MAT>" : -23.0258509304405,
      "<INS>" : -23.0258509304405,
      "<TRA>" : -23.0258509304405,
      "<DEL>" : -23.0258509304405
   },
   "hidden_states" : [
      "<MAT>",
      "<DEL>",
      "<INS>",
      "<TRA>",
      "<SUS>"
   ],
   "label_to_state" : {
      "<D>" : "<DEL>",
      "<S>" : "<SUS>",
      "<T>" : "<TRA>",
      "<A1>" : "<SUS>",
      "<A3>" : "<SUS>",
      "<M>" : "<MAT>",
      "<A5>" : "<SUS>",
      "<A2>" : "<SUS>",
      "<A4>" : "<SUS>",
      "<I>" : "<INS>"
   },
   "transition_probs" : {
      "<SUS>" : {
         "<TRA>" : -29.1103503430168,
         "<DEL>" : -29.1103503430168,
         "<INS>" : -5.39135223251636,
         "<MAT>" : -0.713861384948648,
         "<SUS>" : -0.681822031204031
      },
      "<MAT>" : {
         "<DEL>" : -30.4736022099887,
         "<TRA>" : -30.4736022099887,
         "<INS>" : -6.75460409948825,
         "<MAT>" : -0.135865115971034,
         "<SUS>" : -2.07247287236403
      },
      "<INS>" : {
         "<TRA>" : -24.4121452911853,
         "<DEL>" : -24.4121452911853,
         "<INS>" : -24.4121452911853,
         "<MAT>" : -0.287682072576781,
         "<SUS>" : -1.38629436124489
      },
      "<TRA>" : {
         "<MAT>" : -1.6094379124341,
         "<SUS>" : -1.6094379124341,
         "<TRA>" : -1.6094379124341,
         "<DEL>" : -1.6094379124341,
         "<INS>" : -1.6094379124341
      },
      "<DEL>" : {
         "<SUS>" : -1.6094379124341,
         "<MAT>" : -1.6094379124341,
         "<INS>" : -1.6094379124341,
         "<TRA>" : -1.6094379124341,
         "<DEL>" : -1.6094379124341
      }
   },
   "emission_probs" : {
      "<SUS>" : {
         "0,0.444444444444444,1,1" : -6.0867747269289,
         "1,0.428571428571429,1,1" : -6.0867747269289,
         "0,0.857142857142857,1,1" : -6.0867747269289,
         "1,0.285714285714286,1,1" : -5.39362754636895,
         "0,0.333333333333333,1,1" : -2.62103882412917,
         "1,0.0714285714285714,1,1" : -4.4773368144948,
         "1,0.75,1,1" : -6.0867747269289,
         "2,0.625,1,1" : -6.0867747269289,
         "5,1,1,1" : -6.0867747269289,
         "3,0.833333333333333,1,1" : -6.0867747269289,
         "0,0.142857142857143,1,1" : -4.29501525770084,
         "0,0.4,1,1" : -4.98816243826079,
         "0,0.8,1,1" : -6.0867747269289,
         "1,0.0833333333333333,1,1" : -5.39362754636895,
         "1,1,1,1" : -3.6018680771409,
         "1,0.1,1,1" : -4.14086457787358,
         "1,0.25,1,1" : -5.39362754636895,
         "6,0.4,1,1" : -6.0867747269289,
         "0,0.6,1,1" : -5.39362754636895,
         "7,0.4375,1,1" : -6.0867747269289,
         "0,0.714285714285714,1,1" : -5.39362754636895,
         "1,0.375,1,1" : -6.0867747269289,
         "0,0.625,1,1" : -6.0867747269289,
         "6,0.545454545454545,1,1" : -5.39362754636895,
         "1,0.125,1,1" : -3.52182536946736,
         "0,0.285714285714286,1,1" : -4.98816243826079,
         "1,0.857142857142857,1,1" : -6.0867747269289,
         "0,0.428571428571429,1,1" : -6.0867747269289,
         "6,0.75,1,1" : -5.39362754636895,
         "0,0,1,1" : -29.1126256568694,
         "0,0.75,1,1" : -4.98816243826079,
         "1,0.333333333333333,1,1" : -4.4773368144948,
         "4,0.833333333333333,1,1" : -6.0867747269289,
         "1,1,0,1" : -29.1126256568694,
         "1,0.142857142857143,1,1" : -3.88955014959268,
         "6,0.375,1,1" : -6.0867747269289,
         "5,0.857142857142857,1,1" : -6.0867747269289,
         "0,0.25,1,1" : -3.88955014959268,
         "0,1,1,1" : -0.993024526122135,
         "0,0.1,1,1" : -4.98816243826079,
         "1,0.6,1,1" : -6.0867747269289,
         "0,0.375,1,1" : -5.39362754636895,
         "0,0.125,1,1" : -3.88955014959268,
         "2,0.666666666666667,1,1" : -6.0867747269289,
         "1,0.5,1,1" : -5.39362754636895,
         "3,0.375,1,1" : -6.0867747269289,
         "0,0.727272727272727,1,1" : -6.0867747269289,
         "3,1,1,1" : -6.0867747269289,
         "0,0.0909090909090909,1,1" : -5.39362754636895,
         "1,0.111111111111111,1,1" : -3.78418963393485,
         "0,0.181818181818182,1,1" : -6.0867747269289,
         "1,0.0588235294117647,1,1" : -6.0867747269289,
         "1,0.166666666666667,1,1" : -2.99573227357058,
         "0,0.666666666666667,1,1" : -3.68887945413053,
         "8,1,0,1" : -29.1126256568694,
         "0,0.2,1,1" : -3.6018680771409,
         "1,0.222222222222222,1,1" : -6.0867747269289,
         "1,0.0625,1,1" : -4.98816243826079,
         "0,0.0769230769230769,1,1" : -6.0867747269289,
         "0,0.769230769230769,1,1" : -6.0867747269289,
         "0,0.5,1,1" : -2.95128051099975,
         "0,0.833333333333333,1,1" : -6.0867747269289,
         "0,0.777777777777778,1,1" : -6.0867747269289,
         "1,0.0909090909090909,1,1" : -5.39362754636895,
         "0,0.111111111111111,1,1" : -4.29501525770084,
         "0,0.166666666666667,1,1" : -4.29501525770084,
         "1,0.666666666666667,1,1" : -6.0867747269289,
         "4,1,1,1" : -6.0867747269289,
         "2,0.5,1,1" : -6.0867747269289,
         "0,0.222222222222222,1,1" : -4.98816243826079,
         "0,0.3,1,1" : -6.0867747269289,
         "1,0.2,1,1" : -4.14086457787358,
         "3,1,0,1" : -29.1126256568694
      },
      "<MAT>" : {
         "1,1,0,1" : -30.4736022099926,
         "4,0.833333333333333,1,1" : -30.4736022099926,
         "1,0.333333333333333,1,1" : -30.4736022099926,
         "0,0.75,1,1" : -30.4736022099926,
         "0,0,1,1" : -4.25415258576772e-12,
         "6,0.75,1,1" : -30.4736022099926,
         "0,0.428571428571429,1,1" : -30.4736022099926,
         "0,0.285714285714286,1,1" : -30.4736022099926,
         "1,0.857142857142857,1,1" : -30.4736022099926,
         "0,0.125,1,1" : -30.4736022099926,
         "0,0.375,1,1" : -30.4736022099926,
         "1,0.6,1,1" : -30.4736022099926,
         "0,0.25,1,1" : -30.4736022099926,
         "0,1,1,1" : -30.4736022099926,
         "0,0.1,1,1" : -30.4736022099926,
         "5,0.857142857142857,1,1" : -30.4736022099926,
         "6,0.375,1,1" : -30.4736022099926,
         "1,0.142857142857143,1,1" : -30.4736022099926,
         "5,1,1,1" : -30.4736022099926,
         "2,0.625,1,1" : -30.4736022099926,
         "1,0.75,1,1" : -30.4736022099926,
         "1,0.0714285714285714,1,1" : -30.4736022099926,
         "0,0.333333333333333,1,1" : -30.4736022099926,
         "0,0.857142857142857,1,1" : -30.4736022099926,
         "1,0.285714285714286,1,1" : -30.4736022099926,
         "1,0.428571428571429,1,1" : -30.4736022099926,
         "0,0.444444444444444,1,1" : -30.4736022099926,
         "1,0.125,1,1" : -30.4736022099926,
         "1,0.375,1,1" : -30.4736022099926,
         "6,0.545454545454545,1,1" : -30.4736022099926,
         "0,0.625,1,1" : -30.4736022099926,
         "7,0.4375,1,1" : -30.4736022099926,
         "0,0.714285714285714,1,1" : -30.4736022099926,
         "0,0.6,1,1" : -30.4736022099926,
         "1,1,1,1" : -30.4736022099926,
         "1,0.1,1,1" : -30.4736022099926,
         "6,0.4,1,1" : -30.4736022099926,
         "1,0.25,1,1" : -30.4736022099926,
         "1,0.0833333333333333,1,1" : -30.4736022099926,
         "0,0.8,1,1" : -30.4736022099926,
         "0,0.4,1,1" : -30.4736022099926,
         "0,0.142857142857143,1,1" : -30.4736022099926,
         "3,0.833333333333333,1,1" : -30.4736022099926,
         "0,0.111111111111111,1,1" : -30.4736022099926,
         "1,0.0909090909090909,1,1" : -30.4736022099926,
         "0,0.777777777777778,1,1" : -30.4736022099926,
         "0,0.833333333333333,1,1" : -30.4736022099926,
         "0,0.5,1,1" : -30.4736022099926,
         "0,0.769230769230769,1,1" : -30.4736022099926,
         "3,1,0,1" : -30.4736022099926,
         "0,0.3,1,1" : -30.4736022099926,
         "1,0.2,1,1" : -30.4736022099926,
         "0,0.222222222222222,1,1" : -30.4736022099926,
         "2,0.5,1,1" : -30.4736022099926,
         "4,1,1,1" : -30.4736022099926,