{
   "emission_probs" : {
      "<DEL>" : {
         "0,0.8,1,1" : -28.0947551322072,
         "0,0.375,1,1" : -28.0947551322072,
         "1,0.1,1,1" : -28.0947551322072,
         "0,0.833333333333333,1,1" : -28.0947551322072,
         "6,0.545454545454545,1,1" : -28.0947551322072,
         "6,0.75,1,1" : -28.0947551322072,
         "0,0.222222222222222,1,1" : -28.0947551322072,
         "1,0.0909090909090909,1,1" : -28.0947551322072,
         "1,0.166666666666667,1,1" : -28.0947551322072,
         "0,0.125,1,1" : -28.0947551322072,
         "0,0.25,1,1" : -28.0947551322072,
         "1,0.2,1,1" : -28.0947551322072,
         "0,0.0769230769230769,1,1" : -28.0947551322072,
         "3,0.375,1,1" : -28.0947551322072,
         "5,0.857142857142857,1,1" : -28.0947551322072,
         "0,0.142857142857143,1,1" : -28.0947551322072,
         "3,0.833333333333333,1,1" : -28.0947551322072,
         "1,0.0833333333333333,1,1" : -28.0947551322072,
         "1,0.222222222222222,1,1" : -28.0947551322072,
         "1,0.0714285714285714,1,1" : -28.0947551322072,
         "0,0.0909090909090909,1,1" : -28.0947551322072,
         "1,0.375,1,1" : -28.0947551322072,
         "0,0.444444444444444,1,1" : -28.0947551322072,
         "0,0.1,1,1" : -28.0947551322072,
         "5,1,1,1" : -28.0947551322072,
         "0,0.4,1,1" : -28.0947551322072,
         "0,0.769230769230769,1,1" : -28.0947551322072,
         "1,0.142857142857143,1,1" : -28.0947551322072,
         "0,0.166666666666667,1,1" : -28.0947551322072,
         "1,0.125,1,1" : -28.0947551322072,
         "4,1,1,1" : -28.0947551322072,
         "1,0.25,1,1" : -28.0947551322072,
         "0,0.2,1,1" : -28.0947551322072,
         "1,0.666666666666667,1,1" : -28.0947551322072,
         "1,0.75,1,1" : -28.0947551322072,
         "1,0.333333333333333,1,1" : -28.0947551322072,
         "0,0.625,1,1" : -28.0947551322072,
         "1,0.285714285714286,1,1" : -28.0947551322072,
         "3,1,1,1" : -5.06890420226677,
         "0,0,1,1" : -28.0947551322072,
         "0,0.111111111111111,1,1" : -28.0947551322072,
         "1,1,0,1" : -28.0947551322072,
         "1,0.857142857142857,1,1" : -28.0947551322072,
         "0,1,1,1" : -0.0990909026907717,
         "0,0.428571428571429,1,1" : -28.0947551322072,
         "6,0.4,1,1" : -28.0947551322072,
         "0,0.5,1,1" : -28.0947551322072,
         "1,0.6,1,1" : -28.0947551322072,
         "2,0.666666666666667,1,1" : -28.0947551322072,
         "3,1,0,1" : -5.06890420226677,
         "6,0.375,1,1" : -28.0947551322072,
         "1,0.111111111111111,1,1" : -28.0947551322072,
         "1,0.0625,1,1" : -28.0947551322072,
         "7,0.4375,1,1" : -28.0947551322072,
         "0,0.181818181818182,1,1" : -28.0947551322072,
         "0,0.666666666666667,1,1" : -28.0947551322072,
         "2,0.5,1,1" : -28.0947551322072,
         "0,0.777777777777778,1,1" : -28.0947551322072,
         "0,0.333333333333333,1,1" : -28.0947551322072,
         "4,0.833333333333333,1,1" : -28.0947551322072,
         "0,0.75,1,1" : -28.0947551322072,
         "0,0.285714285714286,1,1" : -28.0947551322072,
         "2,1,1,1" : -5.06890420226677,
         "0,0.3,1,1" : -28.0947551322072,
         "1,0.0588235294117647,1,1" : -28.0947551322072,
         "0,0.727272727272727,1,1" : -28.0947551322072,
         "2,0.625,1,1" : -28.0947551322072,
         "8,1,0,1" : -5.06890420226677,
         "0,0.857142857142857,1,1" : -28.0947551322072,
         "1,0.428571428571429,1,1" : -28.0947551322072,
         "1,1,1,1" : -2.6710089294684,
         "0,0.714285714285714,1,1" : -28.0947551322072,
         "1,0.5,1,1" : -28.0947551322072,
         "0,0.6,1,1" : -28.0947551322072
      },
      "<TRA>" : {
         "0,0.6,1,1" : -4.30406509320417,
         "1,0.5,1,1" : -4.30406509320417,
         "0,0.714285714285714,1,1" : -4.30406509320417,
         "1,1,1,1" : -4.30406509320417,
         "1,0.428571428571429,1,1" : -4.30406509320417,
         "0,0.857142857142857,1,1" : -4.30406509320417,
         "2,0.625,1,1" : -4.30406509320417,
         "8,1,0,1" : -4.30406509320417,
         "0,0.727272727272727,1,1" : -4.30406509320417,
         "1,0.0588235294117647,1,1" : -4.30406509320417,
         "2,1,1,1" : -4.30406509320417,
         "0,0.3,1,1" : -4.30406509320417,
         "0,0.285714285714286,1,1" : -4.30406509320417,
         "0,0.75,1,1" : -4.30406509320417,
         "4,0.833333333333333,1,1" : -4.30406509320417,
         "0,0.333333333333333,1,1" : -4.30406509320417,
         "0,0.777777777777778,1,1" : -4.30406509320417,
         "2,0.5,1,1" : -4.30406509320417,
         "0,0.181818181818182,1,1" : -4.30406509320417,
         "7,0.4375,1,1" : -4.30406509320417,
         "0,0.666666666666667,1,1" : -4.30406509320417,
         "1,0.0625,1,1" : -4.30406509320417,
         "1,0.111111111111111,1,1" : -4.30406509320417,
         "6,0.375,1,1" : -4.30406509320417,
         "3,1,0,1" : -4.30406509320417,
         "2,0.666666666666667,1,1" : -4.30406509320417,
         "1,0.6,1,1" : -4.30406509320417,
         "0,0.5,1,1" : -4.30406509320417,
         "6,0.4,1,1" : -4.30406509320417,
         "0,0.428571428571429,1,1" : -4.30406509320417,
         "0,1,1,1" : -4.30406509320417,
         "1,0.857142857142857,1,1" : -4.30406509320417,
         "1,1,0,1" : -4.30406509320417,
         "0,0.111111111111111,1,1" : -4.30406509320417,
         "0,0,1,1" : -4.30406509320417,
         "3,1,1,1" : -4.30406509320417,
         "1,0.285714285714286,1,1" : -4.30406509320417,
         "0,0.625,1,1" : -4.30406509320417,
         "1,0.75,1,1" : -4.30406509320417,
         "1,0.333333333333333,1,1" : -4.30406509320417,
         "1,0.666666666666667,1,1" : -4.30406509320417,
         "0,0.2,1,1" : -4.30406509320417,
         "1,0.25,1,1" : -4.30406509320417,
         "4,1,1,1" : -4.30406509320417,
         "1,0.125,1,1" : -4.30406509320417,
         "0,0.166666666666667,1,1" : -4.30406509320417,
         "1,0.142857142857143,1,1" : -4.30406509320417,
         "0,0.769230769230769,1,1" : -4.30406509320417,
         "0,0.4,1,1" : -4.30406509320417,
         "5,1,1,1" : -4.30406509320417,
         "0,0.1,1,1" : -4.30406509320417,
         "0,0.444444444444444,1,1" : -4.30406509320417,
         "1,0.375,1,1" : -4.30406509320417,
         "0,0.0909090909090909,1,1" : -4.30406509320417,
         "1,0.0714285714285714,1,1" : -4.30406509320417,
         "1,0.222222222222222,1,1" : -4.30406509320417,
         "1,0.0833333333333333,1,1" : -4.30406509320417,
         "3,0.833333333333333,1,1" : -4.30406509320417,
         "0,0.142857142857143,1,1" : -4.30406509320417,
         "5,0.857142857142857,1,1" : -4.30406509320417,
         "3,0.375,1,1" : -4.30406509320417,
         "1,0.2,1,1" : -4.30406509320417,
         "0,0.0769230769230769,1,1" : -4.30406509320417,
         "0,0.25,1,1" : -4.30406509320417,
         "0,0.125,1,1" : -4.30406509320417,
         "1,0.166666666666667,1,1" : -4.30406509320417,
         "1,0.0909090909090909,1,1" : -4.30406509320417,
         "0,0.222222222222222,1,1" : -4.30406509320417,
         "6,0.75,1,1" : -4.30406509320417,
         "6,0.545454545454545,1,1" : -4.30406509320417,
         "0,0.833333333333333,1,1" : -4.30406509320417,
         "1,0.1,1,1" : -4.30406509320417,
         "0,0.8,1,1" : -4.30406509320417,
         "0,0.375,1,1" : -4.30406509320417
      },
      "<SUS>" : {
         "0,0.3,1,1" : -5.64544689766939,
         "2,1,1,1" : -28.6712978276098,
         "0,0.285714285714286,1,1" : -4.54683460900128,
         "0,0.333333333333333,1,1" : -2.17971099486966,
         "4,0.833333333333333,1,1" : -5.64544689766939,
         "0,0.75,1,1" : -4.54683460900128,
         "0,0.777777777777778,1,1" : -5.64544689766939,
         "2,0.5,1,1" : -5.64544689766939,
         "7,0.4375,1,1" : -5.64544689766939,
         "0,0.181818181818182,1,1" : -5.64544689766939,
         "0,0.666666666666667,1,1" : -3.24755162487102,
         "1,0.111111111111111,1,1" : -3.34286180467534,
         "1,0.0625,1,1" : -4.54683460900128,