{
   "transition_probs" : {
      "<TRA>" : {
         "<SUS>" : -1.6094379124341,
         "<INS>" : -1.6094379124341,
         "<TRA>" : -1.6094379124341,
         "<DEL>" : -1.6094379124341,
         "<MAT>" : -1.6094379124341
      },
      "<DEL>" : {
         "<DEL>" : -1.6094379124341,
         "<MAT>" : -1.6094379124341,
         "<TRA>" : -1.6094379124341,
         "<SUS>" : -1.6094379124341,
         "<INS>" : -1.6094379124341
      },
      "<MAT>" : {
         "<TRA>" : -30.4736022099887,
         "<MAT>" : -0.135865115971034,
         "<DEL>" : -30.4736022099887,
         "<INS>" : -6.75460409948825,
         "<SUS>" : -2.07247287236403
      },
      "<INS>" : {
         "<TRA>" : -24.4121452911853,
         "<DEL>" : -24.4121452911853,
         "<MAT>" : -0.287682072576781,
         "<INS>" : -24.4121452911853,
         "<SUS>" : -1.38629436124489
      },
      "<SUS>" : {
         "<DEL>" : -29.1103503430168,
         "<MAT>" : -0.713861384948648,
         "<TRA>" : -29.1103503430168,
         "<INS>" : -5.39135223251636,
         "<SUS>" : -0.681822031204031
      }
   },
   "emission_probs" : {
      "<MAT>" : {
         "3,1,0,1" : -30.4736022099926,
         "0,0.285714285714286,1,1" : -30.4736022099926,
         "0,0.6,1,1" : -30.4736022099926,
         "0,0.125,1,1" : -30.4736022099926,
         "8,1,0,1" : -30.4736022099926,
         "1,0.111111111111111,1,1" : -30.4736022099926,
         "6,0.75,1,1" : -30.4736022099926,
         "0,0.444444444444444,1,1" : -30.4736022099926,
         "0,0,1,1" : -4.25415258576772e-12,
         "2,0.666666666666667,1,1" : -30.4736022099926,
         "1,0.333333333333333,1,1" : -30.4736022099926,
         "0,0.166666666666667,1,1" : -30.4736022099926,
         "1,0.428571428571429,1,1" : -30.4736022099926,
         "1,0.75,1,1" : -30.4736022099926,
         "2,0.625,1,1" : -30.4736022099926,
         "6,0.375,1,1" : -30.4736022099926,
         "6,0.4,1,1" : -30.4736022099926,
         "0,0.5,1,1" : -30.4736022099926,
         "5,0.857142857142857,1,1" : -30.4736022099926,
         "1,0.666666666666667,1,1" : -30.4736022099926,
         "4,1,1,1" : -30.4736022099926,
         "1,0.25,1,1" : -30.4736022099926,
         "1,0.0833333333333333,1,1" : -30.4736022099926,
         "0,0.777777777777778,1,1" : -30.4736022099926,
         "1,0.142857142857143,1,1" : -30.4736022099926,
         "4,0.833333333333333,1,1" : -30.4736022099926,
         "1,0.2,1,1" : -30.4736022099926,
         "1,1,1,1" : -30.4736022099926,
         "1,0.375,1,1" : -30.4736022099926,
         "1,0.1,1,1" : -30.4736022099926,
         "1,0.222222222222222,1,1" : -30.4736022099926,
         "0,0.857142857142857,1,1" : -30.4736022099926,
         "1,0.0909090909090909,1,1" : -30.4736022099926,
         "1,0.5,1,1" : -30.4736022099926,
         "0,0.727272727272727,1,1" : -30.4736022099926,
         "0,0.666666666666667,1,1" : -30.4736022099926,
         "0,0.25,1,1" : -30.4736022099926,
         "1,1,0,1" : -30.4736022099926,
         "0,0.142857142857143,1,1" : -30.4736022099926,
         "7,0.4375,1,1" : -30.4736022099926,
         "5,1,1,1" : -30.4736022099926,
         "0,0.833333333333333,1,1" : -30.4736022099926,
         "1,0.0714285714285714,1,1" : -30.4736022099926,
         "0,0.769230769230769,1,1" : -30.4736022099926,
         "0,0.375,1,1" : -30.4736022099926,
         "0,1,1,1" : -30.4736022099926,
         "0,0.2,1,1" : -30.4736022099926,
         "0,0.4,1,1" : -30.4736022099926,
         "0,0.625,1,1" : -30.4736022099926,
         "0,0.1,1,1" : -30.4736022099926,
         "0,0.222222222222222,1,1" : -30.4736022099926,
         "0,0.8,1,1" : -30.4736022099926,
         "1,0.857142857142857,1,1" : -30.4736022099926,
         "0,0.0909090909090909,1,1" : -30.4736022099926,
         "2,0.5,1,1" : -30.4736022099926,
         "1,0.6,1,1" : -30.4736022099926,
         "1,0.125,1,1" : -30.4736022099926,
         "3,0.833333333333333,1,1" : -30.4736022099926,
         "1,0.285714285714286,1,1" : -30.4736022099926,
         "0,0.181818181818182,1,1" : -30.4736022099926,
         "0,0.111111111111111,1,1" : -30.4736022099926,
         "0,0.333333333333333,1,1" : -30.4736022099926,
         "1,0.0588235294117647,1,1" : -30.4736022099926,
         "0,0.0769230769230769,1,1" : -30.4736022099926,
         "6,0.545454545454545,1,1" : -30.4736022099926,
         "1,0.166666666666667,1,1" : -30.4736022099926,
         "1,0.0625,1,1" : -30.4736022099926,
         "0,0.714285714285714,1,1" : -30.4736022099926,
         "0,0.3,1,1" : -30.4736022099926,
         "0,0.75,1,1" : -30.4736022099926,
         "3,1,1,1" : -30.4736022099926,
         "3,0.375,1,1" : -30.4736022099926,
         "0,0.428571428571429,1,1" : -30.4736022099926
      },
      "<DEL>" : {
         "2,0.625,1,1" : -4.29045944114839,
         "1,0.75,1,1" : -4.29045944114839,
         "1,0.428571428571429,1,1" : -4.29045944114839,
         "0,0.166666666666667,1,1" : -4.29045944114839,
         "6,0.75,1,1" : -4.29045944114839,
         "1,0.111111111111111,1,1" : -4.29045944114839,
         "8,1,0,1" : -4.29045944114839,
         "1,0.333333333333333,1,1" : -4.29045944114839,
         "2,0.666666666666667,1,1" : -4.29045944114839,
         "0,0.444444444444444,1,1" : -4.29045944114839,
         "0,0,1,1" : -4.29045944114839,
         "3,1,0,1" : -4.29045944114839,
         "0,0.6,1,1" : -4.29045944114839,
         "0,0.125,1,1" : -4.29045944114839,
         "0,0.285714285714286,1,1" : -4.29045944114839,
         "1,0.222222222222222,1,1" : -4.29045944114839,
         "1,0.1,1,1" : -4.29045944114839,
         "1,0.0909090909090909,1,1" : -4.29045944114839,
         "0,0.857142857142857,1,1" : -4.29045944114839,
         "4,0.833333333333333,1,1" : -4.29045944114839,
         "1,0.375,1,1" : -4.29045944114839,
         "1,1,1,1" : -4.29045944114839,
         "1,0.2,1,1" : -4.29045944114839,
         "1,0.25,1,1" : -4.29045944114839,
         "4,1,1,1" : -4.29045944114839,
         "1,0.666666666666667,1,1" : -4.29045944114839,
         "1,0.142857142857143,1,1" : -4.29045944114839,
         "0,0.777777777777778,1,1" : -4.29045944114839,
         "1,0.0833333333333333,1,1" : -4.29045944114839,
         "6,0.4,1,1" : -4.29045944114839,
         "6,0.375,1,1" : -4.29045944114839,
         "5,0.857142857142857,1,1" : -4.29045944114839,
         "0,0.5,1,1" : -4.29045944114839,
         "0,0.8,1,1" : -4.29045944114839,
         "0,0.222222222222222,1,1" : -4.29045944114839,
         "0,0.1,1,1" : -4.29045944114839,
         "0,0.625,1,1" : -4.29045944114839,
         "0,0.0909090909090909,1,1" : -4.29045944114839,
         "1,0.857142857142857,1,1" : -4.29045944114839,
         "0,0.769230769230769,1,1" : -4.29045944114839,
         "1,0.0714285714285714,1,1" : -4.29045944114839,
         "0,0.4,1,1" : -4.29045944114839,
         "0,0.2,1,1" : -4.29045944114839,
         "0,1,1,1" : -4.29045944114839,
         "0,0.375,1,1" : -4.29045944114839,
         "1,1,0,1" : -4.29045944114839,
         "0,0.25,1,1" : -4.29045944114839,
         "0,0.666666666666667,1,1" : -4.29045944114839,
         "5,1,1,1" : -4.29045944114839,
         "0,0.833333333333333,1,1" : -4.29045944114839,
         "7,0.4375,1,1" : -4.29045944114839,
         "0,0.142857142857143,1,1" : -4.29045944114839,
         "0,0.727272727272727,1,1" : -4.29045944114839,
         "1,0.5,1,1" : -4.29045944114839,
         "0,0.3,1,1" : -4.29045944114839,
         "0,0.714285714285714,1,1" : -4.29045944114839,
         "0,0.428571428571429,1,1" : -4.29045944114839,
         "3,0.375,1,1" : -4.29045944114839,
         "3,1,1,1" : -4.29045944114839,
         "0,0.75,1,1" : -4.29045944114839,
         "1,0.0588235294117647,1,1" : -4.29045944114839,
         "1,0.0625,1,1" : -4.29045944114839,
         "1,0.166666666666667,1,1" : -4.29045944114839,
         "6,0.545454545454545,1,1" : -4.29045944114839,
         "0,0.0769230769230769,1,1" : -4.29045944114839,
         "0,0.111111111111111,1,1" : -4.29045944114839,